{
	"scores": {
		"accuracy": 0.9230769230769231,
		"recall": 0.9230769230769231,
		"precision": 0.965034965034965,
		"f1": 0.938415750915751
	},
	"predidcitons": [
		1,
		0,
		2,
		0,
		2,
		1,
		2,
		1,
		1,
		2,
		2,
		2,
		1,
		0,
		0,
		2,
		2,
		0,
		2,
		0,
		2,
		1,
		1,
		2,
		-1,
		0
	],
	"probabilities": [
		[
			0.00717399874702096,
			0.9904878735542297,
			0.0023381721694022417
		],
		[
			0.920521080493927,
			0.04760919138789177,
			0.0318697914481163
		],
		[
			0.06687603145837784,
			0.005183433182537556,
			0.9279404878616333
		],
		[
			0.817499041557312,
			0.16746936738491058,
			0.015031620860099792
		],
		[
			0.01132966298609972,
			0.00307625625282526,
			0.9855940937995911
		],
		[
			0.0012245657853782177,
			0.9979581832885742,
			0.0008173315436579287
		],
		[
			0.004917544312775135,
			0.0033534737303853035,
			0.9917289614677429
		],
		[
			0.02076452039182186,
			0.9744551777839661,
			0.004780263639986515
		],
		[
			0.0013739042915403843,
			0.9977943897247314,
			0.0008316891617141664
		],
		[
			0.06556817889213562,
			0.005221031606197357,
			0.9292107224464417
		],
		[
			0.011337624862790108,
			0.003338329493999481,
			0.985323965549469
		],
		[
			0.002781141083687544,
			0.0031885942444205284,
			0.994030237197876
		],
		[
			0.0012511499226093292,
			0.9979504942893982,
			0.0007983919349499047
		],
		[
			0.9965147972106934,
			0.0015158597379922867,
			0.001969345845282078
		],
		[
			0.9682675004005432,
			0.005252538714557886,
			0.0264799352735281
		],
		[
			0.02780323661863804,
			0.0020973607897758484,
			0.9700994491577148
		],
		[
			0.008000697940587997,
			0.003749852068722248,
			0.9882494211196899
		],
		[
			0.9215623736381531,
			0.04869813844561577,
			0.029739517718553543
		],
		[
			0.06484587490558624,
			0.005006484221667051,
			0.930147647857666
		],
		[
			0.805675208568573,
			0.18091519176959991,
			0.0134096909314394
		],
		[
			0.021539708599448204,
			0.03164764866232872,
			0.9468126893043518
		],
		[
			0.002388803521171212,
			0.9962474703788757,
			0.0013637600932270288
		],
		[
			0.0013735684333369136,
			0.9975504279136658,
			0.001076022512279451
		],
		[
			0.0024544817861169577,
			0.003461373969912529,
			0.9940841794013977
		],
		[
			0.08338519185781479,
			0.2856924831867218,
			0.6309223771095276
		],
		[
			0.8294048309326172,
			0.03144523501396179,
			0.13914994895458221
		]
	]
}