{
	"scores": {
		"accuracy": 0.8620689655172413,
		"recall": 0.8620689655172413,
		"precision": 0.8683385579937304,
		"f1": 0.8637823945170273
	},
	"predidcitons": [
		0,
		-1,
		0,
		0,
		1,
		-1,
		1,
		1,
		-1,
		1,
		0,
		0,
		1,
		1,
		0,
		0,
		-1,
		1,
		-1,
		0,
		-1,
		1,
		1,
		1,
		0,
		-1,
		0,
		0,
		1
	],
	"probabilities": [
		[
			0.9846346974372864,
			0.015365341678261757
		],
		[
			0.6934729218482971,
			0.3065270483493805
		],
		[
			0.9016503691673279,
			0.09834960848093033
		],
		[
			0.9734686613082886,
			0.026531336829066277
		],
		[
			0.03890198469161987,
			0.9610980749130249
		],
		[
			0.42155182361602783,
			0.5784481763839722
		],
		[
			0.008950711227953434,
			0.9910492897033691
		],
		[
			0.04922211170196533,
			0.9507778882980347
		],
		[
			0.6957516670227051,
			0.3042483627796173
		],
		[
			0.11869120597839355,
			0.8813087940216064
		],
		[
			0.9936487078666687,
			0.006351235322654247
		],
		[
			0.9918753504753113,
			0.008124709129333496
		],
		[
			0.02359929494559765,
			0.9764007329940796
		],
		[
			0.156072735786438,
			0.8439272046089172
		],
		[
			0.9886244535446167,
			0.011375601403415203
		],
		[
			0.8462444543838501,
			0.1537555456161499
		],
		[
			0.408040851354599,
			0.5919591188430786
		],
		[
			0.021948253735899925,
			0.9780517220497131
		],
		[
			0.35644665360450745,
			0.6435533165931702
		],
		[
			0.9958011507987976,
			0.004198795184493065
		],
		[
			0.7218412160873413,
			0.2781587243080139
		],
		[
			0.06614568084478378,
			0.933854341506958
		],
		[
			0.00787670724093914,
			0.9921233057975769
		],
		[
			0.008745182305574417,
			0.9912548065185547
		],
		[
			0.9565125107765198,
			0.04348750039935112
		],
		[
			0.47536176443099976,
			0.5246382355690002
		],
		[
			0.9961530566215515,
			0.0038468718994408846
		],
		[
			0.9891605973243713,
			0.010839369148015976
		],
		[
			0.019419347867369652,
			0.9805806875228882
		]
	]
}