{
	"scores": {
		"accuracy": 0.9230769230769231,
		"recall": 0.9230769230769231,
		"precision": 0.9317307692307693,
		"f1": 0.921097615834458
	},
	"predidcitons": [
		0,
		1,
		0,
		-1,
		0,
		-1,
		1,
		0,
		-1,
		1,
		-1,
		1,
		0,
		0,
		-1,
		0,
		-1,
		-1,
		0,
		1,
		1,
		0,
		0,
		1,
		-1,
		1
	],
	"probabilities": [
		[
			0.8005750775337219,
			0.1994248926639557
		],
		[
			0.029311280697584152,
			0.948171079158783,
			0.022517675533890724
		],
		[
			0.9884918928146362,
			0.011508149094879627
		],
		[
			0.4605315327644348,
			0.53946852684021
		],
		[
			0.9881993532180786,
			0.011800596490502357
		],
		[
			0.6272094249725342,
			0.3727905750274658
		],
		[
			0.012336100451648235,
			0.9876639246940613
		],
		[
			0.9918910264968872,
			0.008108983747661114
		],
		[
			0.5699723362922668,
			0.43002766370773315
		],
		[
			0.01584536023437977,
			0.9841545820236206
		],
		[
			0.5440747737884521,
			0.45592525601387024
		],
		[
			0.005179712548851967,
			0.994820237159729
		],
		[
			0.9974241256713867,
			0.002575881313532591
		],
		[
			0.996570348739624,
			0.003429603762924671
		],
		[
			0.5445592403411865,
			0.45544084906578064
		],
		[
			0.9147487282752991,
			0.08525122702121735
		],
		[
			0.6569884419441223,
			0.3430115282535553
		],
		[
			0.633750319480896,
			0.366249680519104
		],
		[
			0.9943690896034241,
			0.005630962084978819
		],
		[
			0.057838212698698044,
			0.9421617984771729
		],
		[
			0.04958902671933174,
			0.9504110217094421
		],
		[
			0.9776071906089783,
			0.02239282801747322
		],
		[
			0.9825071692466736,
			0.017492765560746193
		],
		[
			0.16498680412769318,
			0.835013210773468
		],
		[
			0.3341743052005768,
			0.3627427816390991,
			0.3030829429626465
		],
		[
			0.0035246023908257484,
			0.9926643967628479,
			0.0038110038731247187
		]
	]
}