{
	"scores": {
		"accuracy": 0.8952380952380953,
		"recall": 0.8952380952380953,
		"precision": 0.8985079365079365,
		"f1": 0.8956287354974805
	},
	"predidcitons": [
		-1,
		-1,
		1,
		0,
		1,
		2,
		2,
		0,
		-1,
		0,
		0,
		2,
		2,
		-1,
		1,
		-1,
		2,
		2,
		2,
		-1,
		2,
		1,
		-1,
		1,
		-1,
		1,
		-1,
		-1,
		0,
		-1,
		1,
		0,
		-1,
		-1,
		-1,
		-1,
		2,
		-1,
		1,
		2,
		0,
		0,
		0,
		1,
		-1,
		-1,
		-1,
		-1,
		-1,
		1,
		2,
		-1,
		0,
		1,
		1,
		0,
		0,
		2,
		-1,
		-1,
		1,
		3,
		0,
		1,
		0,
		0,
		1,
		1,
		0,
		0,
		1,
		1,
		0,
		-1,
		1,
		-1,
		0,
		-1,
		-1,
		2,
		1,
		3,
		0,
		-1,
		0,
		1,
		-1,
		-1,
		1,
		1,
		-1,
		0,
		-1,
		2,
		3,
		1,
		-1,
		1,
		0,
		-1,
		-1,
		1,
		1,
		0,
		0
	],
	"probabilities": [
		[
			0.28476545214653015,
			0.43869078159332275,
			0.2765437364578247
		],
		[
			0.3453727960586548,
			0.399467408657074,
			0.25515979528427124
		],
		[
			0.004631826188415289,
			0.9924123883247375,
			0.0029556909576058388
		],
		[
			0.9881309270858765,
			0.011869121342897415
		],
		[
			0.0027202318888157606,
			0.9953166246414185,
			0.001963140210136771
		],
		[
			0.05423253774642944,
			0.03474266827106476,
			0.911024808883667
		],
		[
			0.037107136100530624,
			0.010548640042543411,
			0.9523442387580872
		],
		[
			0.9800853133201599,
			0.012704248540103436,
			0.007210441865026951
		],
		[
			0.2977854907512665,
			0.37643614411354065,
			0.3257783353328705
		],
		[
			0.9430598616600037,
			0.05694015696644783
		],
		[
			0.975644052028656,
			0.015647096559405327,
			0.008708920329809189
		],
		[
			0.013457100838422775,
			0.018866682425141335,
			0.9676762223243713
		],
		[
			0.010935928672552109,
			0.010394453071057796,
			0.9786696434020996
		],
		[
			0.2970196604728699,
			0.45913541316986084,
			0.24384497106075287
		],
		[
			0.004419814795255661,
			0.9924337863922119,
			0.0031463848426938057
		],
		[
			0.22367432713508606,
			0.3287181854248047,
			0.44760745763778687
		],
		[
			0.0342741534113884,
			0.04026668518781662,
			0.9254591464996338
		],
		[
			0.034629084169864655,
			0.011885961517691612,
			0.9534849524497986
		],
		[
			0.012745097279548645,
			0.017369519919157028,
			0.9698854088783264
		],
		[
			0.2817758023738861,
			0.39736756682395935,
			0.32085666060447693
		],
		[
			0.03474223241209984,
			0.017953762784600258,
			0.9473040103912354
		],
		[
			0.004631336312741041,
			0.9923074245452881,
			0.0030611264519393444
		],
		[
			0.30522632598876953,
			0.4384993016719818,
			0.25627443194389343
		],
		[
			0.0044746664352715015,
			0.9930445551872253,
			0.002480817027390003
		],
		[
			0.3289324641227722,
			0.41886627674102783,
			0.25220128893852234
		],
		[
			0.004810159094631672,
			0.9911393523216248,
			0.004050560295581818
		],
		[
			0.29675883054733276,
			0.3985534906387329,
			0.30468761920928955
		],
		[
			0.44447433948516846,
			0.5555256605148315
		],
		[
			0.9890553951263428,
			0.010944577865302563
		],
		[
			0.6226314306259155,
			0.3773685693740845
		],
		[
			0.01350610051304102,
			0.9864938259124756
		],
		[
			0.9923341274261475,
			0.007665874902158976
		],
		[
			0.5781802535057068,
			0.4218197464942932
		],
		[
			0.4505630433559418,
			0.3668421506881714,
			0.18259476125240326
		],
		[
			0.36201247572898865,
			0.32434746623039246,
			0.3136400580406189
		],
		[
			0.3229837417602539,
			0.3400370478630066,
			0.3369792401790619
		],
		[
			0.034215111285448074,
			0.12582768499851227,
			0.8399571776390076
		],
		[
			0.05525541305541992,
			0.6257608532905579,
			0.3189837634563446
		],
		[
			0.05954206362366676,
			0.8530279994010925,
			0.08742998540401459
		],
		[
			0.01103418879210949,
			0.011099032126367092,
			0.9778668284416199
		],
		[
			0.9568028450012207,
			0.014219481498003006,
			0.028977714478969574
		],
		[
			0.9665158987045288,
			0.012214258313179016,
			0.021269870921969414
		],
		[
			0.9511387348175049,
			0.013567265123128891,
			0.035294059664011
		],
		[
			0.012773558497428894,
			0.962604820728302,
			0.02462168037891388
		],
		[
			0.558424174785614,
			0.16187714040279388,
			0.27969861030578613
		],
		[
			0.29262474179267883,
			0.31857311725616455,
			0.3888022005558014
		],
		[
			0.32926949858665466,
			0.1375115066766739,
			0.5332189798355103
		],
		[
			0.6962217092514038,
			0.12519191205501556,
			0.17858639359474182
		],
		[
			0.7281773090362549,
			0.24018602073192596,
			0.03163658082485199
		],
		[
			0.07803710550069809,
			0.8970207571983337,
			0.02494215965270996
		],
		[
			0.003204492386430502,
			0.0036453776992857456,
			0.9931501746177673
		],
		[
			0.302634060382843,
			0.37958815693855286,
			0.3177778422832489
		],
		[
			0.9747251272201538,
			0.02527489885687828
		],
		[
			0.12662309408187866,
			0.8733769059181213
		],
		[
			0.05510690063238144,
			0.9448931217193604
		],
		[
			0.8158385157585144,
			0.1841614991426468
		],
		[
			0.9639427661895752,
			0.012519431300461292,
			0.012446289882063866,
			0.01109160203486681
		],
		[
			0.003501263214275241,
			0.0021444635931402445,
			0.9918860197067261,
			0.002468262566253543
		],
		[
			0.21398325264453888,
			0.4747425615787506,
			0.1488019824028015,
			0.16247223317623138
		],
		[
			0.20830869674682617,
			0.39530041813850403,
			0.18062858283519745,
			0.21576228737831116
		],
		[
			0.030057288706302643,
			0.9071716666221619,
			0.03065011277794838,
			0.032121043652296066
		],
		[
			0.0017060268437489867,
			0.02438770793378353,
			0.0014060829998925328,
			0.972500205039978
		],
		[
			0.9834068417549133,
			0.016593176871538162
		],
		[
			0.1201288029551506,
			0.879871129989624
		],
		[
			0.9892958998680115,
			0.010704094544053078
		],
		[
			0.956735372543335,
			0.04326463118195534
		],
		[
			0.03544410318136215,
			0.9645559191703796
		],
		[
			0.021044565364718437,
			0.9789553880691528
		],
		[
			0.9545204043388367,
			0.04547959193587303
		],
		[
			0.9121235609054565,
			0.08787643909454346
		],
		[
			0.02970375120639801,
			0.9702962636947632
		],
		[
			0.00932196993380785,
			0.990678071975708
		],
		[
			0.8407825827598572,
			0.15921740233898163
		],
		[
			0.320608526468277,
			0.6793914437294006
		],
		[
			0.008916126564145088,
			0.9910838603973389
		],
		[
			0.34466397762298584,
			0.6553360223770142
		],
		[
			0.9776071906089783,
			0.02239282801747322
		],
		[
			0.2643612027168274,
			0.23697184026241302,
			0.2464117407798767,
			0.25225523114204407
		],
		[
			0.2315559834241867,
			0.200003981590271,
			0.26966094970703125,
			0.29877910017967224
		],
		[
			0.009642157703638077,
			0.01067289523780346,
			0.9663892984390259,
			0.013295610435307026
		],
		[
			0.012618917040526867,
			0.9602832198143005,
			0.014552679844200611,
			0.01254519447684288
		],
		[
			0.0019550647120922804,
			0.0011628710199147463,
			0.0017801066860556602,
			0.9951019287109375
		],
		[
			0.9962019324302673,
			0.0010055276798084378,
			0.0013690352207049727,
			0.0014235713751986623
		],
		[
			0.665410578250885,
			0.3345894515514374
		],
		[
			0.9934101700782776,
			0.006589771248400211
		],
		[
			0.007599303498864174,
			0.9924006462097168
		],
		[
			0.5992506742477417,
			0.4007493853569031
		],
		[
			0.5732006430625916,
			0.42679932713508606
		],
		[
			0.0070801181718707085,
			0.9929198622703552
		],
		[
			0.043999526649713516,
			0.8985483050346375,
			0.034603144973516464,
			0.022848956286907196
		],
		[
			0.31800830364227295,
			0.2061503529548645,
			0.2936253249645233,
			0.18221598863601685
		],
		[
			0.9275476336479187,
			0.026518873870372772,
			0.02479083091020584,
			0.021142689511179924
		],
		[
			0.24458803236484528,
			0.21775364875793457,
			0.3095659017562866,
			0.22809246182441711
		],
		[
			0.01942095346748829,
			0.016163550317287445,
			0.946784257888794,
			0.017631249502301216
		],
		[
			0.012077132239937782,
			0.011569183319807053,
			0.014133392833173275,
			0.962220311164856
		],
		[
			0.05103541910648346,
