{
	"scores": {
		"accuracy": 0.9696969696969697,
		"recall": 0.9696969696969697,
		"precision": 0.9706195077712104,
		"f1": 0.9699593335956972
	},
	"predidcitons": [
		0,
		1,
		-1,
		1,
		1,
		0,
		1,
		1,
		0,
		0,
		0,
		1,
		0,
		0,
		-1,
		-1,
		-1,
		0,
		1,
		1,
		1,
		1,
		0,
		-1,
		-1,
		0,
		0,
		0,
		1,
		0,
		1,
		0,
		1,
		1,
		0,
		-1,
		-1,
		0,
		-1,
		0,
		1,
		1,
		0,
		0,
		1,
		0,
		0,
		1,
		0,
		1,
		0,
		0,
		0,
		1,
		1,
		1,
		1,
		-1,
		-1,
		0,
		1,
		1,
		1,
		-1,
		0,
		0,
		0,
		2,
		1,
		1,
		0,
		-1,
		-1,
		2,
		2,
		1,
		1,
		0,
		0,
		0,
		1,
		1,
		-1,
		-1,
		0,
		0,
		1,
		0,
		1,
		0,
		0,
		1,
		-1,
		0,
		0,
		0,
		1,
		1,
		1
	],
	"probabilities": [
		[
			0.9915052056312561,
			0.008494837209582329
		],
		[
			0.017695317044854164,
			0.9823046922683716
		],
		[
			0.6634509563446045,
			0.3365490734577179
		],
		[
			0.10356716066598892,
			0.8964328765869141
		],
		[
			0.012288597412407398,
			0.9877113699913025
		],
		[
			0.992191731929779,
			0.007808319758623838
		],
		[
			0.008494837209582329,
			0.9915052056312561
		],
		[
			0.010766320861876011,
			0.9892337322235107
		],
		[
			0.9516838788986206,
			0.048316068947315216
		],
		[
			0.9755768775939941,
			0.024423088878393173
		],
		[
			0.9404625296592712,
			0.05953749269247055
		],
		[
			0.0016452716663479805,
			0.9983547329902649
		],
		[
			0.9970991611480713,
			0.002900857711210847
		],
		[
			0.9960965514183044,
			0.003903415519744158
		],
		[
			0.5853381752967834,
			0.41466179490089417
		],
		[
			0.5331544280052185,
			0.4668456017971039
		],
		[
			0.23057307302951813,
			0.7694269418716431
		],
		[
			0.9967993497848511,
			0.003200600855052471
		],
		[
			0.1549505591392517,
			0.8450494408607483
		],
		[
			0.002191240666434169,
			0.9978087544441223
		],
		[
			0.001953205792233348,
			0.9980467557907104
		],
		[
			0.002115703420713544,
			0.9978843331336975
		],
		[
			0.9837850332260132,
			0.01621503196656704
		],
		[
			0.6737151741981506,
			0.32628485560417175
		],
		[
			0.5392258763313293,
			0.46077412366867065
		],
		[
			0.9899572730064392,
			0.010042654350399971
		],
		[
			0.9817532300949097,
			0.01824677549302578
		],
		[
			0.984441339969635,
			0.015558596700429916
		],
		[
			0.014828143641352654,
			0.9851717948913574
		],
		[
			0.9885361194610596,
			0.011463796719908714
		],
		[
			0.014828143641352654,
			0.9851717948913574
		],
		[
			0.9885361194610596,
			0.011463796719908714
		],
		[
			0.02223305031657219,
			0.9777669906616211
		],
		[
			0.010468839667737484,
			0.9895311594009399
		],
		[
			0.8726732134819031,
			0.12732674181461334
		],
		[
			0.42441198229789734,
			0.5755879878997803
		],
		[
			0.23770862817764282,
			0.7622913718223572
		],
		[
			0.9822025299072266,
			0.017797453328967094
		],
		[
			0.42847251892089844,
			0.5715274810791016
		],
		[
			0.9730108976364136,
			0.026989134028553963
		],
		[
			0.013715873472392559,
			0.9862841367721558
		],
		[
			0.05587463825941086,
			0.9441254138946533
		],
		[
			0.9805806875228882,
			0.019419347867369652
		],
		[
			0.8862236142158508,
			0.11377637088298798
		],
		[
			0.03541072830557823,
			0.9645892381668091
		],
		[
			0.8643104434013367,
			0.13568954169750214
		],
		[
			0.9955489635467529,
			0.004451041109859943
		],
		[
			0.005934066604822874,
			0.9940658807754517
		],
		[
			0.9959059953689575,
			0.00409395806491375
		],
		[
			0.033526163548231125,
			0.9664738178253174
		],
		[
			0.9958011507987976,
			0.004198795184493065
		],
		[
			0.9895311594009399,
			0.010468839667737484
		],
		[
			0.9959613680839539,
			0.004038591403514147
		],
		[
			0.02668309025466442,
			0.9733169674873352
		],
		[
			0.03807977959513664,
			0.9619202017784119
		],
		[
			0.012564226984977722,
			0.9874358177185059
		],
		[
			0.004700060468167067,
			0.9952999353408813
		],
		[
			0.6099889278411865,
			0.3900110721588135
		],
		[
			0.5260992646217346,
			0.4739006459712982
		],
		[
			0.9942250847816467,
			0.005774930119514465
		],
		[
			0.0031115084420889616,
			0.9968884587287903
		],
		[
			0.0035518843214958906,
			0.9964480400085449
		],
		[
			0.02527489885687828,
			0.9747251272201538
		],
		[
			0.6318002343177795,
			0.36819979548454285
		],
		[
			0.9979411959648132,
			0.002058753278106451
		],
		[
			0.9036349058151245,
			0.09636510163545609
		],
		[
			0.8291810154914856,
			0.1708189994096756
		],
		[
			0.06291219592094421,
			0.08790113031864166,
			0.8491866588592529
		],
		[
			0.01434951089322567,
			0.9655522704124451,
			0.020098192617297173
		],
		[
			0.020275602117180824,
			0.9524405598640442,
			0.0272838044911623
		],
		[
			0.9576067328453064,
			0.0230548158288002,
			0.019338412210345268
		],
		[
			0.3383532166481018,
			0.34067410230636597,
			0.3209726810455322
		],
		[
			0.2842423915863037,
			0.2810680866241455,
			0.4346895217895508
		],
		[
			0.014747997745871544,
			0.023418109863996506,
			0.9618338346481323
		],
		[
			0.021333081647753716,
			0.027099542319774628,
			0.9515674114227295
		],
		[
			0.01818530261516571,
			0.96515953540802,
			0.01665521040558815
		],
		[
			0.014845197089016438,
			0.9691188931465149,
			0.016035817563533783
		],
		[
			0.9587557911872864,
			0.021768851205706596,
			0.01947539858520031
		],
		[
			0.9235777258872986,
			0.04549092426896095,
			0.03093135915696621
		],
		[
			0.9618217349052429,
			0.038178276270627975
		],
		[
			0.13951358199119568,
			0.8604864478111267
		],
		[
			0.04795810580253601,
			0.9520419239997864
		],
		[
			0.46332284808158875,
			0.5366771817207336
		],
		[
			0.6957516670227051,
			0.3042483627796173
		],
		[
			0.9558166265487671,
			0.04418331757187843
		],
		[
			0.9533402919769287,
			0.04665975645184517
		],
		[
			0.025323059409856796,
			0.9746769666671753
		],
		[
			0.9786106944084167,
			0.021389320492744446
		],
		[
			0.06486049294471741,
			0.9351394772529602
		],
		[
			0.988004207611084,
			0.0119957709684968
		],
		[
			0.9912208914756775,
			0.008779109455645084
		],
		[
			0.023509450256824493,
			0.9764904975891113
		],
		[
			0.731250524520874,
			0.2687494456768036
		],
		[
			0.9920772910118103,
			0.007922627031803131
		],
		[
			0.9851576089859009,
			0.01484241709113121
		],
		[
			0.9912124276161194,
			0.008787611499428749
		],
		[
			0.016931161284446716,
			0.9830688238143921
		],
		[
			0.05065838247537613,
			0.9493416547775269
		],
		[
			0.02630528248846531,
			0.9736947417259216
		]
	]
}